category,total_amt,total_cnt
한식,14231837129588.0,444169343.0
고기요리,4832101787774.0,83635120.0
커피/음료,4450253240273.0,497049761.0
일식/수산물,3983001301734.0,79728690.0
닭/오리요리,2583407720693.0,81527240.0
제과/제빵/떡/케익,2499151364491.0,190398054.0
분식,2268182376441.0,159427911.0
간이주점,2158785025691.0,47313706.0
패스트푸드,1822363675344.0,152450506.0
별식/퓨전요리,1699396050437.0,68397969.0
중식,1483746354587.0,61908764.0
양식,1053114352164.0,30085861.0
